ID,Language_ID,Parameter_ID,Value,Code_ID,Comment,Source
Ma1-p-1-1,Ma1,p-1,–,p-1-n,,Szeto2018
Ma1-p-2-2,Ma1,p-2,+,p-2-y,,Szeto2018
Ma1-p-3-3,Ma1,p-3,–,p-3-n,,Szeto2018
Ma1-p-4-4,Ma1,p-4,–,p-4-n,,Szeto2018
Ma1-p-5-5,Ma1,p-5,–,p-5-n,,Szeto2018
Ma1-p-6-6,Ma1,p-6,+,p-6-y,,Szeto2018
Ma1-p-7-7,Ma1,p-7,+,p-7-y,,Szeto2018
Ma1-p-8-8,Ma1,p-8,+,p-8-y,,Szeto2018
Ma1-p-9-9,Ma1,p-9,+,p-9-y,,Szeto2018
Ma1-p-10-10,Ma1,p-10,+,p-10-y,,Szeto2018
Ma1-p-11-11,Ma1,p-11,–,p-11-n,,Szeto2018
Ma1-p-12-12,Ma1,p-12,–,p-12-n,,Szeto2018
Ma1-p-13-13,Ma1,p-13,–,p-13-n,,Szeto2018
Ma1-p-14-14,Ma1,p-14,–,p-14-n,,Szeto2018
Ma1-p-15-15,Ma1,p-15,–,p-15-n,,Szeto2018
Ma1-p-16-16,Ma1,p-16,–,p-16-n,,Szeto2018
Ma1-p-17-17,Ma1,p-17,–,p-17-n,,Szeto2018
Ma1-p-18-18,Ma1,p-18,–,p-18-n,,Szeto2018
Ma1-p-19-19,Ma1,p-19,+,p-19-y,,Szeto2018
Ma1-p-20-20,Ma1,p-20,+,p-20-y,,Szeto2018
Ma1-p-21-21,Ma1,p-21,–,p-21-n,,Szeto2018
Ma2-p-1-22,Ma2,p-1,–,p-1-n,,Szeto2018
Ma2-p-2-23,Ma2,p-2,–,p-2-n,,Szeto2018
Ma2-p-3-24,Ma2,p-3,–,p-3-n,,Szeto2018
Ma2-p-4-25,Ma2,p-4,–,p-4-n,,Szeto2018
Ma2-p-5-26,Ma2,p-5,–,p-5-n,,Szeto2018
Ma2-p-6-27,Ma2,p-6,+,p-6-y,,Szeto2018
Ma2-p-7-28,Ma2,p-7,+,p-7-y,,Szeto2018
Ma2-p-8-29,Ma2,p-8,+,p-8-y,,Szeto2018
Ma2-p-9-30,Ma2,p-9,+,p-9-y,,Szeto2018
Ma2-p-10-31,Ma2,p-10,+,p-10-y,,Szeto2018
Ma2-p-11-32,Ma2,p-11,–,p-11-n,,Szeto2018
Ma2-p-12-33,Ma2,p-12,–,p-12-n,,Szeto2018
Ma2-p-13-34,Ma2,p-13,–,p-13-n,,Szeto2018
Ma2-p-14-35,Ma2,p-14,–,p-14-n,,Szeto2018
Ma2-p-15-36,Ma2,p-15,–,p-15-n,,Szeto2018
Ma2-p-16-37,Ma2,p-16,–,p-16-n,,Szeto2018
Ma2-p-17-38,Ma2,p-17,–,p-17-n,,Szeto2018
Ma2-p-18-39,Ma2,p-18,–,p-18-n,,Szeto2018
Ma2-p-19-40,Ma2,p-19,+,p-19-y,,Szeto2018
Ma2-p-20-41,Ma2,p-20,+,p-20-y,,Szeto2018
Ma2-p-21-42,Ma2,p-21,–,p-21-n,,Szeto2018
Ma3-p-1-43,Ma3,p-1,–,p-1-n,,Szeto2018
Ma3-p-2-44,Ma3,p-2,–,p-2-n,,Szeto2018
Ma3-p-3-45,Ma3,p-3,–,p-3-n,,Szeto2018
Ma3-p-4-46,Ma3,p-4,–,p-4-n,,Szeto2018
Ma3-p-5-47,Ma3,p-5,–,p-5-n,,Szeto2018
Ma3-p-6-48,Ma3,p-6,+,p-6-y,,Szeto2018
Ma3-p-7-49,Ma3,p-7,+,p-7-y,,Szeto2018
Ma3-p-8-50,Ma3,p-8,+,p-8-y,,Szeto2018
Ma3-p-9-51,Ma3,p-9,+,p-9-y,,Szeto2018
Ma3-p-10-52,Ma3,p-10,–,p-10-n,,Szeto2018
Ma3-p-11-53,Ma3,p-11,–,p-11-n,,Szeto2018
Ma3-p-12-54,Ma3,p-12,–,p-12-n,,Szeto2018
Ma3-p-13-55,Ma3,p-13,–,p-13-n,,Szeto2018
Ma3-p-14-56,Ma3,p-14,–,p-14-n,,Szeto2018
Ma3-p-15-57,Ma3,p-15,–,p-15-n,,Szeto2018
Ma3-p-16-58,Ma3,p-16,–,p-16-n,,Szeto2018
Ma3-p-17-59,Ma3,p-17,–,p-17-n,,Szeto2018
Ma3-p-18-60,Ma3,p-18,–,p-18-n,,Szeto2018
Ma3-p-19-61,Ma3,p-19,+,p-19-y,,Szeto2018
Ma3-p-20-62,Ma3,p-20,+,p-20-y,,Szeto2018
Ma3-p-21-63,Ma3,p-21,–,p-21-n,,Szeto2018
Ma4-p-1-64,Ma4,p-1,–,p-1-n,,Szeto2018
Ma4-p-2-65,Ma4,p-2,+,p-2-y,,Szeto2018
Ma4-p-3-66,Ma4,p-3,–,p-3-n,,Szeto2018
Ma4-p-4-67,Ma4,p-4,–,p-4-n,,Szeto2018
Ma4-p-5-68,Ma4,p-5,–,p-5-n,,Szeto2018
Ma4-p-6-69,Ma4,p-6,+,p-6-y,,Szeto2018
Ma4-p-7-70,Ma4,p-7,+,p-7-y,,Szeto2018
Ma4-p-8-71,Ma4,p-8,+,p-8-y,,Szeto2018
Ma4-p-9-72,Ma4,p-9,+,p-9-y,,Szeto2018
Ma4-p-10-73,Ma4,p-10,+,p-10-y,,Szeto2018
Ma4-p-11-74,Ma4,p-11,–,p-11-n,,Szeto2018
Ma4-p-12-75,Ma4,p-12,–,p-12-n,,Szeto2018
Ma4-p-13-76,Ma4,p-13,+,p-13-y,,Szeto2018
Ma4-p-14-77,Ma4,p-14,–,p-14-n,,Szeto2018
Ma4-p-15-78,Ma4,p-15,–,p-15-n,,Szeto2018
Ma4-p-16-79,Ma4,p-16,–,p-16-n,,Szeto2018
Ma4-p-17-80,Ma4,p-17,–,p-17-n,,Szeto2018
Ma4-p-18-81,Ma4,p-18,–,p-18-n,,Szeto2018
Ma4-p-19-82,Ma4,p-19,+,p-19-y,,Szeto2018
Ma4-p-20-83,Ma4,p-20,+,p-20-y,,Szeto2018
Ma4-p-21-84,Ma4,p-21,–,p-21-n,,Szeto2018
Ma5-p-1-85,Ma5,p-1,–,p-1-n,,Szeto2018
Ma5-p-2-86,Ma5,p-2,+,p-2-y,,Szeto2018
Ma5-p-3-87,Ma5,p-3,–,p-3-n,,Szeto2018
Ma5-p-4-88,Ma5,p-4,–,p-4-n,,Szeto2018
Ma5-p-5-89,Ma5,p-5,–,p-5-n,,Szeto2018
Ma5-p-6-90,Ma5,p-6,+,p-6-y,,Szeto2018
Ma5-p-7-91,Ma5,p-7,+,p-7-y,,Szeto2018
Ma5-p-8-92,Ma5,p-8,+,p-8-y,,Szeto2018
Ma5-p-9-93,Ma5,p-9,+,p-9-y,,Szeto2018
Ma5-p-10-94,Ma5,p-10,–,p-10-n,,Szeto2018
Ma5-p-11-95,Ma5,p-11,–,p-11-n,,Szeto2018
Ma5-p-12-96,Ma5,p-12,–,p-12-n,,Szeto2018
Ma5-p-13-97,Ma5,p-13,–,p-13-n,,Szeto2018
Ma5-p-14-98,Ma5,p-14,–,p-14-n,,Szeto2018
Ma5-p-15-99,Ma5,p-15,–,p-15-n,,Szeto2018
Ma5-p-16-100,Ma5,p-16,–,p-16-n,,Szeto2018
Ma5-p-17-101,Ma5,p-17,–,p-17-n,,Szeto2018
Ma5-p-18-102,Ma5,p-18,–,p-18-n,,Szeto2018
Ma5-p-19-103,Ma5,p-19,+,p-19-y,,Szeto2018
Ma5-p-20-104,Ma5,p-20,+,p-20-y,,Szeto2018
Ma5-p-21-105,Ma5,p-21,–,p-21-n,,Szeto2018
Ma6-p-1-106,Ma6,p-1,–,p-1-n,,Szeto2018
Ma6-p-2-107,Ma6,p-2,+,p-2-y,,Szeto2018
Ma6-p-3-108,Ma6,p-3,–,p-3-n,,Szeto2018
Ma6-p-4-109,Ma6,p-4,–,p-4-n,,Szeto2018
Ma6-p-5-110,Ma6,p-5,–,p-5-n,,Szeto2018
Ma6-p-6-111,Ma6,p-6,+,p-6-y,,Szeto2018
Ma6-p-7-112,Ma6,p-7,+,p-7-y,,Szeto2018
Ma6-p-8-113,Ma6,p-8,+,p-8-y,,Szeto2018
Ma6-p-9-114,Ma6,p-9,+,p-9-y,,Szeto2018
Ma6-p-10-115,Ma6,p-10,–,p-10-n,,Szeto2018
Ma6-p-11-116,Ma6,p-11,–,p-11-n,,Szeto2018
Ma6-p-12-117,Ma6,p-12,–,p-12-n,,Szeto2018
Ma6-p-13-118,Ma6,p-13,–,p-13-n,,Szeto2018
Ma6-p-14-119,Ma6,p-14,–,p-14-n,,Szeto2018
Ma6-p-15-120,Ma6,p-15,–,p-15-n,,Szeto2018
Ma6-p-16-121,Ma6,p-16,–,p-16-n,,Szeto2018
Ma6-p-17-122,Ma6,p-17,–,p-17-n,,Szeto2018
Ma6-p-18-123,Ma6,p-18,–,p-18-n,,Szeto2018
Ma6-p-19-124,Ma6,p-19,+,p-19-y,,Szeto2018
Ma6-p-20-125,Ma6,p-20,+,p-20-y,,Szeto2018
Ma6-p-21-126,Ma6,p-21,–,p-21-n,,Szeto2018
Ma7-p-1-127,Ma7,p-1,–,p-1-n,,Szeto2018
Ma7-p-2-128,Ma7,p-2,+,p-2-y,,Szeto2018
Ma7-p-3-129,Ma7,p-3,–,p-3-n,,Szeto2018
Ma7-p-4-130,Ma7,p-4,–,p-4-n,,Szeto2018
Ma7-p-5-131,Ma7,p-5,–,p-5-n,,Szeto2018
Ma7-p-6-132,Ma7,p-6,+,p-6-y,,Szeto2018
Ma7-p-7-133,Ma7,p-7,+,p-7-y,,Szeto2018
Ma7-p-8-134,Ma7,p-8,+,p-8-y,,Szeto2018
Ma7-p-9-135,Ma7,p-9,+,p-9-y,,Szeto2018
Ma7-p-10-136,Ma7,p-10,–,p-10-n,,Szeto2018
Ma7-p-11-137,Ma7,p-11,–,p-11-n,,Szeto2018
Ma7-p-12-138,Ma7,p-12,–,p-12-n,,Szeto2018
Ma7-p-13-139,Ma7,p-13,–,p-13-n,,Szeto2018
Ma7-p-14-140,Ma7,p-14,–,p-14-n,,Szeto2018
Ma7-p-15-141,Ma7,p-15,–,p-15-n,,Szeto2018
Ma7-p-16-142,Ma7,p-16,–,p-16-n,,Szeto2018
Ma7-p-17-143,Ma7,p-17,–,p-17-n,,Szeto2018
Ma7-p-18-144,Ma7,p-18,–,p-18-n,,Szeto2018
Ma7-p-19-145,Ma7,p-19,+,p-19-y,,Szeto2018
Ma7-p-20-146,Ma7,p-20,+,p-20-y,,Szeto2018
Ma7-p-21-147,Ma7,p-21,–,p-21-n,,Szeto2018
Ma8-p-1-148,Ma8,p-1,–,p-1-n,,Szeto2018
Ma8-p-2-149,Ma8,p-2,+,p-2-y,,Szeto2018
Ma8-p-3-150,Ma8,p-3,–,p-3-n,,Szeto2018
Ma8-p-4-151,Ma8,p-4,–,p-4-n,,Szeto2018
Ma8-p-5-152,Ma8,p-5,–,p-5-n,,Szeto2018
Ma8-p-6-153,Ma8,p-6,+,p-6-y,,Szeto2018
Ma8-p-7-154,Ma8,p-7,+,p-7-y,,Szeto2018
Ma8-p-8-155,Ma8,p-8,+,p-8-y,,Szeto2018
Ma8-p-9-156,Ma8,p-9,+,p-9-y,,Szeto2018
Ma8-p-10-157,Ma8,p-10,+,p-10-y,,Szeto2018
Ma8-p-11-158,Ma8,p-11,–,p-11-n,,Szeto2018
Ma8-p-12-159,Ma8,p-12,–,p-12-n,,Szeto2018
Ma8-p-13-160,Ma8,p-13,–,p-13-n,,Szeto2018
Ma8-p-14-161,Ma8,p-14,–,p-14-n,,Szeto2018
Ma8-p-15-162,Ma8,p-15,–,p-15-n,,Szeto2018
Ma8-p-16-163,Ma8,p-16,–,p-16-n,,Szeto2018
Ma8-p-17-164,Ma8,p-17,–,p-17-n,,Szeto2018
Ma8-p-18-165,Ma8,p-18,–,p-18-n,,Szeto2018
Ma8-p-19-166,Ma8,p-19,+,p-19-y,,Szeto2018
Ma8-p-20-167,Ma8,p-20,+,p-20-y,,Szeto2018
Ma8-p-21-168,Ma8,p-21,–,p-21-n,,Szeto2018
Ma9-p-1-169,Ma9,p-1,–,p-1-n,,Szeto2018
Ma9-p-2-170,Ma9,p-2,+,p-2-y,,Szeto2018
Ma9-p-3-171,Ma9,p-3,–,p-3-n,,Szeto2018
Ma9-p-4-172,Ma9,p-4,–,p-4-n,,Szeto2018
Ma9-p-5-173,Ma9,p-5,+,p-5-y,,Szeto2018
Ma9-p-6-174,Ma9,p-6,+,p-6-y,,Szeto2018
Ma9-p-7-175,Ma9,p-7,+,p-7-y,,Szeto2018
Ma9-p-8-176,Ma9,p-8,+,p-8-y,,Szeto2018
Ma9-p-9-177,Ma9,p-9,+,p-9-y,,Szeto2018
Ma9-p-10-178,Ma9,p-10,+,p-10-y,,Szeto2018
Ma9-p-11-179,Ma9,p-11,–,p-11-n,,Szeto2018
Ma9-p-12-180,Ma9,p-12,–,p-12-n,,Szeto2018
Ma9-p-13-181,Ma9,p-13,+,p-13-y,,Szeto2018
Ma9-p-14-182,Ma9,p-14,–,p-14-n,,Szeto2018
Ma9-p-15-183,Ma9,p-15,–,p-15-n,,Szeto2018
Ma9-p-16-184,Ma9,p-16,–,p-16-n,,Szeto2018
Ma9-p-17-185,Ma9,p-17,–,p-17-n,,Szeto2018
Ma9-p-18-186,Ma9,p-18,–,p-18-n,,Szeto2018
Ma9-p-19-187,Ma9,p-19,+,p-19-y,,Szeto2018
Ma9-p-20-188,Ma9,p-20,+,p-20-y,,Szeto2018
Ma9-p-21-189,Ma9,p-21,–,p-21-n,,Szeto2018
Ma10-p-1-190,Ma10,p-1,–,p-1-n,,Szeto2018
Ma10-p-2-191,Ma10,p-2,+,p-2-y,,Szeto2018
Ma10-p-3-192,Ma10,p-3,–,p-3-n,,Szeto2018
Ma10-p-4-193,Ma10,p-4,–,p-4-n,,Szeto2018
Ma10-p-5-194,Ma10,p-5,–,p-5-n,,Szeto2018
Ma10-p-6-195,Ma10,p-6,+,p-6-y,,Szeto2018
Ma10-p-7-196,Ma10,p-7,+,p-7-y,,Szeto2018
Ma10-p-8-197,Ma10,p-8,+,p-8-y,,Szeto2018
Ma10-p-9-198,Ma10,p-9,+,p-9-y,,Szeto2018
Ma10-p-10-199,Ma10,p-10,+,p-10-y,,Szeto2018
Ma10-p-11-200,Ma10,p-11,–,p-11-n,,Szeto2018
Ma10-p-12-201,Ma10,p-12,–,p-12-n,,Szeto2018
Ma10-p-13-202,Ma10,p-13,–,p-13-n,,Szeto2018
Ma10-p-14-203,Ma10,p-14,–,p-14-n,,Szeto2018
Ma10-p-15-204,Ma10,p-15,–,p-15-n,,Szeto2018
Ma10-p-16-205,Ma10,p-16,–,p-16-n,,Szeto2018
Ma10-p-17-206,Ma10,p-17,–,p-17-n,,Szeto2018
Ma10-p-18-207,Ma10,p-18,–,p-18-n,,Szeto2018
Ma10-p-19-208,Ma10,p-19,+,p-19-y,,Szeto2018
Ma10-p-20-209,Ma10,p-20,+,p-20-y,,Szeto2018
Ma10-p-21-210,Ma10,p-21,–,p-21-n,,Szeto2018
Ma11-p-1-211,Ma11,p-1,–,p-1-n,,Szeto2018
Ma11-p-2-212,Ma11,p-2,+,p-2-y,,Szeto2018
Ma11-p-3-213,Ma11,p-3,–,p-3-n,,Szeto2018
Ma11-p-4-214,Ma11,p-4,–,p-4-n,,Szeto2018
Ma11-p-5-215,Ma11,p-5,–,p-5-n,,Szeto2018
Ma11-p-6-216,Ma11,p-6,+,p-6-y,,Szeto2018
Ma11-p-7-217,Ma11,p-7,+,p-7-y,,Szeto2018
Ma11-p-8-218,Ma11,p-8,+,p-8-y,,Szeto2018
Ma11-p-9-219,Ma11,p-9,+,p-9-y,,Szeto2018
Ma11-p-10-220,Ma11,p-10,+,p-10-y,,Szeto2018
Ma11-p-11-221,Ma11,p-11,–,p-11-n,,Szeto2018
Ma11-p-12-222,Ma11,p-12,–,p-12-n,,Szeto2018
Ma11-p-13-223,Ma11,p-13,–,p-13-n,,Szeto2018
Ma11-p-14-224,Ma11,p-14,–,p-14-n,,Szeto2018
Ma11-p-15-225,Ma11,p-15,–,p-15-n,,Szeto2018
Ma11-p-16-226,Ma11,p-16,–,p-16-n,,Szeto2018
Ma11-p-17-227,Ma11,p-17,+,p-17-y,,Szeto2018
Ma11-p-18-228,Ma11,p-18,–,p-18-n,,Szeto2018
Ma11-p-19-229,Ma11,p-19,+,p-19-y,,Szeto2018
Ma11-p-20-230,Ma11,p-20,+,p-20-y,,Szeto2018
Ma11-p-21-231,Ma11,p-21,–,p-21-n,,Szeto2018
Ma12-p-1-232,Ma12,p-1,–,p-1-n,,Szeto2018
Ma12-p-2-233,Ma12,p-2,+,p-2-y,,Szeto2018
Ma12-p-3-234,Ma12,p-3,–,p-3-n,,Szeto2018
Ma12-p-4-235,Ma12,p-4,–,p-4-n,,Szeto2018
Ma12-p-5-236,Ma12,p-5,–,p-5-n,,Szeto2018
Ma12-p-6-237,Ma12,p-6,+,p-6-y,,Szeto2018
Ma12-p-7-238,Ma12,p-7,+,p-7-y,,Szeto2018
Ma12-p-8-239,Ma12,p-8,+,p-8-y,,Szeto2018
Ma12-p-9-240,Ma12,p-9,+,p-9-y,,Szeto2018
Ma12-p-10-241,Ma12,p-10,–,p-10-n,,Szeto2018
Ma12-p-11-242,Ma12,p-11,–,p-11-n,,Szeto2018
Ma12-p-12-243,Ma12,p-12,+,p-12-y,,Szeto2018
Ma12-p-13-244,Ma12,p-13,–,p-13-n,,Szeto2018
Ma12-p-14-245,Ma12,p-14,–,p-14-n,,Szeto2018
Ma12-p-15-246,Ma12,p-15,–,p-15-n,,Szeto2018
Ma12-p-16-247,Ma12,p-16,–,p-16-n,,Szeto2018
Ma12-p-17-248,Ma12,p-17,–,p-17-n,,Szeto2018
Ma12-p-18-249,Ma12,p-18,–,p-18-n,,Szeto2018
Ma12-p-19-250,Ma12,p-19,+,p-19-y,,Szeto2018
Ma12-p-20-251,Ma12,p-20,+,p-20-y,,Szeto2018
Ma12-p-21-252,Ma12,p-21,–,p-21-n,,Szeto2018
Ma13-p-1-253,Ma13,p-1,–,p-1-n,,Szeto2018
Ma13-p-2-254,Ma13,p-2,+,p-2-y,,Szeto2018
Ma13-p-3-255,Ma13,p-3,–,p-3-n,,Szeto2018
Ma13-p-4-256,Ma13,p-4,–,p-4-n,,Szeto2018
Ma13-p-5-257,Ma13,p-5,+,p-5-y,,Szeto2018
Ma13-p-6-258,Ma13,p-6,+,p-6-y,,Szeto2018
Ma13-p-7-259,Ma13,p-7,+,p-7-y,,Szeto2018
Ma13-p-8-260,Ma13,p-8,+,p-8-y,,Szeto2018
Ma13-p-9-261,Ma13,p-9,+,p-9-y,,Szeto2018
Ma13-p-10-262,Ma13,p-10,+,p-10-y,,Szeto2018
Ma13-p-11-263,Ma13,p-11,–,p-11-n,,Szeto2018
Ma13-p-12-264,Ma13,p-12,+,p-12-y,,Szeto2018
Ma13-p-13-265,Ma13,p-13,+,p-13-y,,Szeto2018
Ma13-p-14-266,Ma13,p-14,–,p-14-n,,Szeto2018
Ma13-p-15-267,Ma13,p-15,–,p-15-n,,Szeto2018
Ma13-p-16-268,Ma13,p-16,–,p-16-n,,Szeto2018
Ma13-p-17-269,Ma13,p-17,–,p-17-n,,Szeto2018
Ma13-p-18-270,Ma13,p-18,–,p-18-n,,Szeto2018
Ma13-p-19-271,Ma13,p-19,+,p-19-y,,Szeto2018
Ma13-p-20-272,Ma13,p-20,+,p-20-y,,Szeto2018
Ma13-p-21-273,Ma13,p-21,–,p-21-n,,Szeto2018
Ma14-p-1-274,Ma14,p-1,–,p-1-n,,Szeto2018
Ma14-p-2-275,Ma14,p-2,+,p-2-y,,Szeto2018
Ma14-p-3-276,Ma14,p-3,–,p-3-n,,Szeto2018
Ma14-p-4-277,Ma14,p-4,–,p-4-n,,Szeto2018
Ma14-p-5-278,Ma14,p-5,+,p-5-y,,Szeto2018
Ma14-p-6-279,Ma14,p-6,+,p-6-y,,Szeto2018
Ma14-p-7-280,Ma14,p-7,+,p-7-y,,Szeto2018
Ma14-p-8-281,Ma14,p-8,+,p-8-y,,Szeto2018
Ma14-p-9-282,Ma14,p-9,+,p-9-y,,Szeto2018
Ma14-p-10-283,Ma14,p-10,–,p-10-n,,Szeto2018
Ma14-p-11-284,Ma14,p-11,–,p-11-n,,Szeto2018
Ma14-p-12-285,Ma14,p-12,+,p-12-y,,Szeto2018
Ma14-p-13-286,Ma14,p-13,–,p-13-n,,Szeto2018
Ma14-p-14-287,Ma14,p-14,–,p-14-n,,Szeto2018
Ma14-p-15-288,Ma14,p-15,–,p-15-n,,Szeto2018
Ma14-p-16-289,Ma14,p-16,–,p-16-n,,Szeto2018
Ma14-p-17-290,Ma14,p-17,–,p-17-n,,Szeto2018
Ma14-p-18-291,Ma14,p-18,+,p-18-y,,Szeto2018
Ma14-p-19-292,Ma14,p-19,+,p-19-y,,Szeto2018
Ma14-p-20-293,Ma14,p-20,+,p-20-y,,Szeto2018
Ma14-p-21-294,Ma14,p-21,+,p-21-y,,Szeto2018
Ma15-p-1-295,Ma15,p-1,–,p-1-n,,Szeto2018
Ma15-p-2-296,Ma15,p-2,+,p-2-y,,Szeto2018
Ma15-p-3-297,Ma15,p-3,–,p-3-n,,Szeto2018
Ma15-p-4-298,Ma15,p-4,–,p-4-n,,Szeto2018
Ma15-p-5-299,Ma15,p-5,+,p-5-y,,Szeto2018
Ma15-p-6-300,Ma15,p-6,+,p-6-y,,Szeto2018
Ma15-p-7-301,Ma15,p-7,+,p-7-y,,Szeto2018
Ma15-p-8-302,Ma15,p-8,+,p-8-y,,Szeto2018
Ma15-p-9-303,Ma15,p-9,+,p-9-y,,Szeto2018
Ma15-p-10-304,Ma15,p-10,–,p-10-n,,Szeto2018
Ma15-p-11-305,Ma15,p-11,–,p-11-n,,Szeto2018
Ma15-p-12-306,Ma15,p-12,+,p-12-y,,Szeto2018
Ma15-p-13-307,Ma15,p-13,–,p-13-n,,Szeto2018
Ma15-p-14-308,Ma15,p-14,–,p-14-n,,Szeto2018
Ma15-p-15-309,Ma15,p-15,–,p-15-n,,Szeto2018
Ma15-p-16-310,Ma15,p-16,–,p-16-n,,Szeto2018
Ma15-p-17-311,Ma15,p-17,–,p-17-n,,Szeto2018
Ma15-p-18-312,Ma15,p-18,–,p-18-n,,Szeto2018
Ma15-p-19-313,Ma15,p-19,+,p-19-y,,Szeto2018
Ma15-p-20-314,Ma15,p-20,+,p-20-y,,Szeto2018
Ma15-p-21-315,Ma15,p-21,+,p-21-y,,Szeto2018
Ma16-p-1-316,Ma16,p-1,–,p-1-n,,Szeto2018
Ma16-p-2-317,Ma16,p-2,+,p-2-y,,Szeto2018
Ma16-p-3-318,Ma16,p-3,–,p-3-n,,Szeto2018
Ma16-p-4-319,Ma16,p-4,–,p-4-n,,Szeto2018
Ma16-p-5-320,Ma16,p-5,+,p-5-y,,Szeto2018
Ma16-p-6-321,Ma16,p-6,+,p-6-y,,Szeto2018
Ma16-p-7-322,Ma16,p-7,+,p-7-y,,Szeto2018
Ma16-p-8-323,Ma16,p-8,+,p-8-y,,Szeto2018
Ma16-p-9-324,Ma16,p-9,+,p-9-y,,Szeto2018
Ma16-p-10-325,Ma16,p-10,+,p-10-y,,Szeto2018
Ma16-p-11-326,Ma16,p-11,–,p-11-n,,Szeto2018
Ma16-p-12-327,Ma16,p-12,+,p-12-y,,Szeto2018
Ma16-p-13-328,Ma16,p-13,–,p-13-n,,Szeto2018
Ma16-p-14-329,Ma16,p-14,–,p-14-n,,Szeto2018
Ma16-p-15-330,Ma16,p-15,–,p-15-n,,Szeto2018
Ma16-p-16-331,Ma16,p-16,–,p-16-n,,Szeto2018
Ma16-p-17-332,Ma16,p-17,–,p-17-n,,Szeto2018
Ma16-p-18-333,Ma16,p-18,–,p-18-n,,Szeto2018
Ma16-p-19-334,Ma16,p-19,+,p-19-y,,Szeto2018
Ma16-p-20-335,Ma16,p-20,+,p-20-y,,Szeto2018
Ma16-p-21-336,Ma16,p-21,–,p-21-n,,Szeto2018
Ma17-p-1-337,Ma17,p-1,–,p-1-n,,Szeto2018
Ma17-p-2-338,Ma17,p-2,+,p-2-y,,Szeto2018
Ma17-p-3-339,Ma17,p-3,–,p-3-n,,Szeto2018
Ma17-p-4-340,Ma17,p-4,–,p-4-n,,Szeto2018
Ma17-p-5-341,Ma17,p-5,+,p-5-y,,Szeto2018
Ma17-p-6-342,Ma17,p-6,+,p-6-y,,Szeto2018
Ma17-p-7-343,Ma17,p-7,+,p-7-y,,Szeto2018
Ma17-p-8-344,Ma17,p-8,+,p-8-y,,Szeto2018
Ma17-p-9-345,Ma17,p-9,+,p-9-y,,Szeto2018
Ma17-p-10-346,Ma17,p-10,+,p-10-y,,Szeto2018
Ma17-p-11-347,Ma17,p-11,–,p-11-n,,Szeto2018
Ma17-p-12-348,Ma17,p-12,+,p-12-y,,Szeto2018
Ma17-p-13-349,Ma17,p-13,–,p-13-n,,Szeto2018
Ma17-p-14-350,Ma17,p-14,–,p-14-n,,Szeto2018
Ma17-p-15-351,Ma17,p-15,–,p-15-n,,Szeto2018
Ma17-p-16-352,Ma17,p-16,–,p-16-n,,Szeto2018
Ma17-p-17-353,Ma17,p-17,–,p-17-n,,Szeto2018
Ma17-p-18-354,Ma17,p-18,–,p-18-n,,Szeto2018
Ma17-p-19-355,Ma17,p-19,+,p-19-y,,Szeto2018
Ma17-p-20-356,Ma17,p-20,+,p-20-y,,Szeto2018
Ma17-p-21-357,Ma17,p-21,–,p-21-n,,Szeto2018
Ma18-p-1-358,Ma18,p-1,–,p-1-n,,Szeto2018
Ma18-p-2-359,Ma18,p-2,+,p-2-y,,Szeto2018
Ma18-p-3-360,Ma18,p-3,–,p-3-n,,Szeto2018
Ma18-p-4-361,Ma18,p-4,–,p-4-n,,Szeto2018
Ma18-p-5-362,Ma18,p-5,–,p-5-n,,Szeto2018
Ma18-p-6-363,Ma18,p-6,+,p-6-y,,Szeto2018
Ma18-p-7-364,Ma18,p-7,+,p-7-y,,Szeto2018
Ma18-p-8-365,Ma18,p-8,+,p-8-y,,Szeto2018
Ma18-p-9-366,Ma18,p-9,+,p-9-y,,Szeto2018
Ma18-p-10-367,Ma18,p-10,–,p-10-n,,Szeto2018
Ma18-p-11-368,Ma18,p-11,–,p-11-n,,Szeto2018
Ma18-p-12-369,Ma18,p-12,+,p-12-y,,Szeto2018
Ma18-p-13-370,Ma18,p-13,–,p-13-n,,Szeto2018
Ma18-p-14-371,Ma18,p-14,–,p-14-n,,Szeto2018
Ma18-p-15-372,Ma18,p-15,–,p-15-n,,Szeto2018
Ma18-p-16-373,Ma18,p-16,–,p-16-n,,Szeto2018
Ma18-p-17-374,Ma18,p-17,–,p-17-n,,Szeto2018
Ma18-p-18-375,Ma18,p-18,–,p-18-n,,Szeto2018
Ma18-p-19-376,Ma18,p-19,+,p-19-y,,Szeto2018
Ma18-p-20-377,Ma18,p-20,+,p-20-y,,Szeto2018
Ma18-p-21-378,Ma18,p-21,–,p-21-n,,Szeto2018
Ma19-p-1-379,Ma19,p-1,+,p-1-y,,Szeto2018
Ma19-p-2-380,Ma19,p-2,–,p-2-n,,Szeto2018
Ma19-p-3-381,Ma19,p-3,–,p-3-n,,Szeto2018
Ma19-p-4-382,Ma19,p-4,+,p-4-y,,Szeto2018
Ma19-p-5-383,Ma19,p-5,+,p-5-y,,Szeto2018
Ma19-p-6-384,Ma19,p-6,+,p-6-y,,Szeto2018
Ma19-p-7-385,Ma19,p-7,+,p-7-y,,Szeto2018
Ma19-p-8-386,Ma19,p-8,–,p-8-n,,Szeto2018
Ma19-p-9-387,Ma19,p-9,+,p-9-y,,Szeto2018
Ma19-p-10-388,Ma19,p-10,+,p-10-y,,Szeto2018
Ma19-p-11-389,Ma19,p-11,–,p-11-n,,Szeto2018
Ma19-p-12-390,Ma19,p-12,–,p-12-n,,Szeto2018
Ma19-p-13-391,Ma19,p-13,–,p-13-n,,Szeto2018
Ma19-p-14-392,Ma19,p-14,–,p-14-n,,Szeto2018
Ma19-p-15-393,Ma19,p-15,–,p-15-n,,Szeto2018
Ma19-p-16-394,Ma19,p-16,+,p-16-y,,Szeto2018
Ma19-p-17-395,Ma19,p-17,+,p-17-y,,Szeto2018
Ma19-p-18-396,Ma19,p-18,–,p-18-n,,Szeto2018
Ma19-p-19-397,Ma19,p-19,+,p-19-y,,Szeto2018
Ma19-p-20-398,Ma19,p-20,+,p-20-y,,Szeto2018
Ma19-p-21-399,Ma19,p-21,–,p-21-n,,Szeto2018
Ma20-p-1-400,Ma20,p-1,+,p-1-y,,Szeto2018
Ma20-p-2-401,Ma20,p-2,+,p-2-y,,Szeto2018
Ma20-p-3-402,Ma20,p-3,–,p-3-n,,Szeto2018
Ma20-p-4-403,Ma20,p-4,+,p-4-y,,Szeto2018
Ma20-p-5-404,Ma20,p-5,+,p-5-y,,Szeto2018
Ma20-p-6-405,Ma20,p-6,–,p-6-n,,Szeto2018
Ma20-p-7-406,Ma20,p-7,+,p-7-y,,Szeto2018
Ma20-p-8-407,Ma20,p-8,–,p-8-n,,Szeto2018
Ma20-p-9-408,Ma20,p-9,+,p-9-y,,Szeto2018
Ma20-p-10-409,Ma20,p-10,+,p-10-y,,Szeto2018
Ma20-p-11-410,Ma20,p-11,–,p-11-n,,Szeto2018
Ma20-p-12-411,Ma20,p-12,–,p-12-n,,Szeto2018
Ma20-p-13-412,Ma20,p-13,+,p-13-y,,Szeto2018
Ma20-p-14-413,Ma20,p-14,–,p-14-n,,Szeto2018
Ma20-p-15-414,Ma20,p-15,–,p-15-n,,Szeto2018
Ma20-p-16-415,Ma20,p-16,–,p-16-n,,Szeto2018
Ma20-p-17-416,Ma20,p-17,–,p-17-n,,Szeto2018
Ma20-p-18-417,Ma20,p-18,+,p-18-y,,Szeto2018
Ma20-p-19-418,Ma20,p-19,+,p-19-y,,Szeto2018
Ma20-p-20-419,Ma20,p-20,+,p-20-y,,Szeto2018
Ma20-p-21-420,Ma20,p-21,–,p-21-n,,Szeto2018
Ma21-p-1-421,Ma21,p-1,+,p-1-y,,Szeto2018
Ma21-p-2-422,Ma21,p-2,+,p-2-y,,Szeto2018
Ma21-p-3-423,Ma21,p-3,–,p-3-n,,Szeto2018
Ma21-p-4-424,Ma21,p-4,–,p-4-n,,Szeto2018
Ma21-p-5-425,Ma21,p-5,–,p-5-n,,Szeto2018
Ma21-p-6-426,Ma21,p-6,–,p-6-n,,Szeto2018
Ma21-p-7-427,Ma21,p-7,–,p-7-n,,Szeto2018
Ma21-p-8-428,Ma21,p-8,–,p-8-n,,Szeto2018
Ma21-p-9-429,Ma21,p-9,+,p-9-y,,Szeto2018
Ma21-p-10-430,Ma21,p-10,+,p-10-y,,Szeto2018
Ma21-p-11-431,Ma21,p-11,–,p-11-n,,Szeto2018
Ma21-p-12-432,Ma21,p-12,–,p-12-n,,Szeto2018
Ma21-p-13-433,Ma21,p-13,+,p-13-y,,Szeto2018
Ma21-p-14-434,Ma21,p-14,+,p-14-y,,Szeto2018
Ma21-p-15-435,Ma21,p-15,+,p-15-y,,Szeto2018
Ma21-p-16-436,Ma21,p-16,+,p-16-y,,Szeto2018
Ma21-p-17-437,Ma21,p-17,–,p-17-n,,Szeto2018
Ma21-p-18-438,Ma21,p-18,–,p-18-n,,Szeto2018
Ma21-p-19-439,Ma21,p-19,+,p-19-y,,Szeto2018
Ma21-p-20-440,Ma21,p-20,–,p-20-n,,Szeto2018
Ma21-p-21-441,Ma21,p-21,–,p-21-n,,Szeto2018
Ma22-p-1-442,Ma22,p-1,–,p-1-n,,Szeto2018
Ma22-p-2-443,Ma22,p-2,–,p-2-n,,Szeto2018
Ma22-p-3-444,Ma22,p-3,–,p-3-n,,Szeto2018
Ma22-p-4-445,Ma22,p-4,–,p-4-n,,Szeto2018
Ma22-p-5-446,Ma22,p-5,+,p-5-y,,Szeto2018
Ma22-p-6-447,Ma22,p-6,+,p-6-y,,Szeto2018
Ma22-p-7-448,Ma22,p-7,–,p-7-n,,Szeto2018
Ma22-p-8-449,Ma22,p-8,+,p-8-y,,Szeto2018
Ma22-p-9-450,Ma22,p-9,+,p-9-y,,Szeto2018
Ma22-p-10-451,Ma22,p-10,+,p-10-y,,Szeto2018
Ma22-p-11-452,Ma22,p-11,–,p-11-n,,Szeto2018
Ma22-p-12-453,Ma22,p-12,–,p-12-n,,Szeto2018
Ma22-p-13-454,Ma22,p-13,+,p-13-y,,Szeto2018
Ma22-p-14-455,Ma22,p-14,+,p-14-y,,Szeto2018
Ma22-p-15-456,Ma22,p-15,–,p-15-n,,Szeto2018
Ma22-p-16-457,Ma22,p-16,–,p-16-n,,Szeto2018
Ma22-p-17-458,Ma22,p-17,+,p-17-y,,Szeto2018
Ma22-p-18-459,Ma22,p-18,+,p-18-y,,Szeto2018
Ma22-p-19-460,Ma22,p-19,+,p-19-y,,Szeto2018
Ma22-p-20-461,Ma22,p-20,+,p-20-y,,Szeto2018
Ma22-p-21-462,Ma22,p-21,–,p-21-n,,Szeto2018
Ma23-p-1-463,Ma23,p-1,+,p-1-y,,Szeto2018
Ma23-p-2-464,Ma23,p-2,+,p-2-y,,Szeto2018
Ma23-p-3-465,Ma23,p-3,–,p-3-n,,Szeto2018
Ma23-p-4-466,Ma23,p-4,–,p-4-n,,Szeto2018
Ma23-p-5-467,Ma23,p-5,+,p-5-y,,Szeto2018
Ma23-p-6-468,Ma23,p-6,+,p-6-y,,Szeto2018
Ma23-p-7-469,Ma23,p-7,–,p-7-n,,Szeto2018
Ma23-p-8-470,Ma23,p-8,+,p-8-y,,Szeto2018
Ma23-p-9-471,Ma23,p-9,+,p-9-y,,Szeto2018
Ma23-p-10-472,Ma23,p-10,–,p-10-n,,Szeto2018
Ma23-p-11-473,Ma23,p-11,–,p-11-n,,Szeto2018
Ma23-p-12-474,Ma23,p-12,+,p-12-y,,Szeto2018
Ma23-p-13-475,Ma23,p-13,+,p-13-y,,Szeto2018
Ma23-p-14-476,Ma23,p-14,+,p-14-y,,Szeto2018
Ma23-p-15-477,Ma23,p-15,–,p-15-n,,Szeto2018
Ma23-p-16-478,Ma23,p-16,–,p-16-n,,Szeto2018
Ma23-p-17-479,Ma23,p-17,+,p-17-y,,Szeto2018
Ma23-p-18-480,Ma23,p-18,–,p-18-n,,Szeto2018
Ma23-p-19-481,Ma23,p-19,+,p-19-y,,Szeto2018
Ma23-p-20-482,Ma23,p-20,+,p-20-y,,Szeto2018
Ma23-p-21-483,Ma23,p-21,–,p-21-n,,Szeto2018
Ma24-p-1-484,Ma24,p-1,–,p-1-n,,Szeto2018
Ma24-p-2-485,Ma24,p-2,–,p-2-n,,Szeto2018
Ma24-p-3-486,Ma24,p-3,–,p-3-n,,Szeto2018
Ma24-p-4-487,Ma24,p-4,–,p-4-n,,Szeto2018
Ma24-p-5-488,Ma24,p-5,+,p-5-y,,Szeto2018
Ma24-p-6-489,Ma24,p-6,+,p-6-y,,Szeto2018
Ma24-p-7-490,Ma24,p-7,–,p-7-n,,Szeto2018
Ma24-p-8-491,Ma24,p-8,–,p-8-n,,Szeto2018
Ma24-p-9-492,Ma24,p-9,+,p-9-y,,Szeto2018
Ma24-p-10-493,Ma24,p-10,+,p-10-y,,Szeto2018
Ma24-p-11-494,Ma24,p-11,–,p-11-n,,Szeto2018
Ma24-p-12-495,Ma24,p-12,+,p-12-y,,Szeto2018
Ma24-p-13-496,Ma24,p-13,+,p-13-y,,Szeto2018
Ma24-p-14-497,Ma24,p-14,+,p-14-y,,Szeto2018
Ma24-p-15-498,Ma24,p-15,–,p-15-n,,Szeto2018
Ma24-p-16-499,Ma24,p-16,–,p-16-n,,Szeto2018
Ma24-p-17-500,Ma24,p-17,–,p-17-n,,Szeto2018
Ma24-p-18-501,Ma24,p-18,–,p-18-n,,Szeto2018
Ma24-p-19-502,Ma24,p-19,+,p-19-y,,Szeto2018
Ma24-p-20-503,Ma24,p-20,+,p-20-y,,Szeto2018
Ma24-p-21-504,Ma24,p-21,–,p-21-n,,Szeto2018
Ma25-p-1-505,Ma25,p-1,–,p-1-n,,Szeto2018
Ma25-p-2-506,Ma25,p-2,–,p-2-n,,Szeto2018
Ma25-p-3-507,Ma25,p-3,–,p-3-n,,Szeto2018
Ma25-p-4-508,Ma25,p-4,–,p-4-n,,Szeto2018
Ma25-p-5-509,Ma25,p-5,–,p-5-n,,Szeto2018
Ma25-p-6-510,Ma25,p-6,–,p-6-n,,Szeto2018
Ma25-p-7-511,Ma25,p-7,–,p-7-n,,Szeto2018
Ma25-p-8-512,Ma25,p-8,–,p-8-n,,Szeto2018
Ma25-p-9-513,Ma25,p-9,+,p-9-y,,Szeto2018
Ma25-p-10-514,Ma25,p-10,+,p-10-y,,Szeto2018
Ma25-p-11-515,Ma25,p-11,–,p-11-n,,Szeto2018
Ma25-p-12-516,Ma25,p-12,+,p-12-y,,Szeto2018
Ma25-p-13-517,Ma25,p-13,+,p-13-y,,Szeto2018
Ma25-p-14-518,Ma25,p-14,–,p-14-n,,Szeto2018
Ma25-p-15-519,Ma25,p-15,–,p-15-n,,Szeto2018
Ma25-p-16-520,Ma25,p-16,–,p-16-n,,Szeto2018
Ma25-p-17-521,Ma25,p-17,–,p-17-n,,Szeto2018
Ma25-p-18-522,Ma25,p-18,–,p-18-n,,Szeto2018
Ma25-p-19-523,Ma25,p-19,+,p-19-y,,Szeto2018
Ma25-p-20-524,Ma25,p-20,–,p-20-n,,Szeto2018
Ma25-p-21-525,Ma25,p-21,–,p-21-n,,Szeto2018
Ma26-p-1-526,Ma26,p-1,+,p-1-y,,Szeto2018
Ma26-p-2-527,Ma26,p-2,–,p-2-n,,Szeto2018
Ma26-p-3-528,Ma26,p-3,–,p-3-n,,Szeto2018
Ma26-p-4-529,Ma26,p-4,+,p-4-y,,Szeto2018
Ma26-p-5-530,Ma26,p-5,+,p-5-y,,Szeto2018
Ma26-p-6-531,Ma26,p-6,–,p-6-n,,Szeto2018
Ma26-p-7-532,Ma26,p-7,–,p-7-n,,Szeto2018
Ma26-p-8-533,Ma26,p-8,+,p-8-y,,Szeto2018
Ma26-p-9-534,Ma26,p-9,+,p-9-y,,Szeto2018
Ma26-p-10-535,Ma26,p-10,+,p-10-y,,Szeto2018
Ma26-p-11-536,Ma26,p-11,–,p-11-n,,Szeto2018
Ma26-p-12-537,Ma26,p-12,–,p-12-n,,Szeto2018
Ma26-p-13-538,Ma26,p-13,+,p-13-y,,Szeto2018
Ma26-p-14-539,Ma26,p-14,+,p-14-y,,Szeto2018
Ma26-p-15-540,Ma26,p-15,+,p-15-y,,Szeto2018
Ma26-p-16-541,Ma26,p-16,+,p-16-y,,Szeto2018
Ma26-p-17-542,Ma26,p-17,–,p-17-n,,Szeto2018
Ma26-p-18-543,Ma26,p-18,–,p-18-n,,Szeto2018
Ma26-p-19-544,Ma26,p-19,–,p-19-n,,Szeto2018
Ma26-p-20-545,Ma26,p-20,–,p-20-n,,Szeto2018
Ma26-p-21-546,Ma26,p-21,–,p-21-n,,Szeto2018
J1-p-1-547,J1,p-1,+,p-1-y,,Szeto2018
J1-p-2-548,J1,p-2,–,p-2-n,,Szeto2018
J1-p-3-549,J1,p-3,–,p-3-n,,Szeto2018
J1-p-4-550,J1,p-4,+,p-4-y,,Szeto2018
J1-p-5-551,J1,p-5,+,p-5-y,,Szeto2018
J1-p-6-552,J1,p-6,+,p-6-y,,Szeto2018
J1-p-7-553,J1,p-7,+,p-7-y,,Szeto2018
J1-p-8-554,J1,p-8,+,p-8-y,,Szeto2018
J1-p-9-555,J1,p-9,+,p-9-y,,Szeto2018
J1-p-10-556,J1,p-10,+,p-10-y,,Szeto2018
J1-p-11-557,J1,p-11,–,p-11-n,,Szeto2018
J1-p-12-558,J1,p-12,+,p-12-y,,Szeto2018
J1-p-13-559,J1,p-13,–,p-13-n,,Szeto2018
J1-p-14-560,J1,p-14,–,p-14-n,,Szeto2018
J1-p-15-561,J1,p-15,–,p-15-n,,Szeto2018
J1-p-16-562,J1,p-16,–,p-16-n,,Szeto2018
J1-p-17-563,J1,p-17,–,p-17-n,,Szeto2018
J1-p-18-564,J1,p-18,–,p-18-n,,Szeto2018
J1-p-19-565,J1,p-19,+,p-19-y,,Szeto2018
J1-p-20-566,J1,p-20,+,p-20-y,,Szeto2018
J1-p-21-567,J1,p-21,–,p-21-n,,Szeto2018
J2-p-1-568,J2,p-1,–,p-1-n,,Szeto2018
J2-p-2-569,J2,p-2,–,p-2-n,,Szeto2018
J2-p-3-570,J2,p-3,–,p-3-n,,Szeto2018
J2-p-4-571,J2,p-4,+,p-4-y,,Szeto2018
J2-p-5-572,J2,p-5,+,p-5-y,,Szeto2018
J2-p-6-573,J2,p-6,+,p-6-y,,Szeto2018
J2-p-7-574,J2,p-7,+,p-7-y,,Szeto2018
J2-p-8-575,J2,p-8,+,p-8-y,,Szeto2018
J2-p-9-576,J2,p-9,+,p-9-y,,Szeto2018
J2-p-10-577,J2,p-10,+,p-10-y,,Szeto2018
J2-p-11-578,J2,p-11,–,p-11-n,,Szeto2018
J2-p-12-579,J2,p-12,+,p-12-y,,Szeto2018
J2-p-13-580,J2,p-13,–,p-13-n,,Szeto2018
J2-p-14-581,J2,p-14,–,p-14-n,,Szeto2018
J2-p-15-582,J2,p-15,–,p-15-n,,Szeto2018
J2-p-16-583,J2,p-16,–,p-16-n,,Szeto2018
J2-p-17-584,J2,p-17,–,p-17-n,,Szeto2018
J2-p-18-585,J2,p-18,–,p-18-n,,Szeto2018
J2-p-19-586,J2,p-19,+,p-19-y,,Szeto2018
J2-p-20-587,J2,p-20,+,p-20-y,,Szeto2018
J2-p-21-588,J2,p-21,–,p-21-n,,Szeto2018
W1-p-1-589,W1,p-1,+,p-1-y,,Szeto2018
W1-p-2-590,W1,p-2,–,p-2-n,,Szeto2018
W1-p-3-591,W1,p-3,–,p-3-n,,Szeto2018
W1-p-4-592,W1,p-4,+,p-4-y,,Szeto2018
W1-p-5-593,W1,p-5,+,p-5-y,,Szeto2018
W1-p-6-594,W1,p-6,–,p-6-n,,Szeto2018
W1-p-7-595,W1,p-7,+,p-7-y,,Szeto2018
W1-p-8-596,W1,p-8,–,p-8-n,,Szeto2018
W1-p-9-597,W1,p-9,+,p-9-y,,Szeto2018
W1-p-10-598,W1,p-10,+,p-10-y,,Szeto2018
W1-p-11-599,W1,p-11,+,p-11-y,,Szeto2018
W1-p-12-600,W1,p-12,–,p-12-n,,Szeto2018
W1-p-13-601,W1,p-13,–,p-13-n,,Szeto2018
W1-p-14-602,W1,p-14,+,p-14-y,,Szeto2018
W1-p-15-603,W1,p-15,–,p-15-n,,Szeto2018
W1-p-16-604,W1,p-16,–,p-16-n,,Szeto2018
W1-p-17-605,W1,p-17,–,p-17-n,,Szeto2018
W1-p-18-606,W1,p-18,+,p-18-y,,Szeto2018
W1-p-19-607,W1,p-19,–,p-19-n,,Szeto2018
W1-p-20-608,W1,p-20,+,p-20-y,,Szeto2018
W1-p-21-609,W1,p-21,–,p-21-n,,Szeto2018
W2-p-1-610,W2,p-1,+,p-1-y,,Szeto2018
W2-p-2-611,W2,p-2,–,p-2-n,,Szeto2018
W2-p-3-612,W2,p-3,–,p-3-n,,Szeto2018
W2-p-4-613,W2,p-4,–,p-4-n,,Szeto2018
W2-p-5-614,W2,p-5,+,p-5-y,,Szeto2018
W2-p-6-615,W2,p-6,–,p-6-n,,Szeto2018
W2-p-7-616,W2,p-7,–,p-7-n,,Szeto2018
W2-p-8-617,W2,p-8,–,p-8-n,,Szeto2018
W2-p-9-618,W2,p-9,–,p-9-n,,Szeto2018
W2-p-10-619,W2,p-10,+,p-10-y,,Szeto2018
W2-p-11-620,W2,p-11,–,p-11-n,,Szeto2018
W2-p-12-621,W2,p-12,–,p-12-n,,Szeto2018
W2-p-13-622,W2,p-13,+,p-13-y,,Szeto2018
W2-p-14-623,W2,p-14,+,p-14-y,,Szeto2018
W2-p-15-624,W2,p-15,+,p-15-y,,Szeto2018
W2-p-16-625,W2,p-16,+,p-16-y,,Szeto2018
W2-p-17-626,W2,p-17,–,p-17-n,,Szeto2018
W2-p-18-627,W2,p-18,+,p-18-y,,Szeto2018
W2-p-19-628,W2,p-19,–,p-19-n,,Szeto2018
W2-p-20-629,W2,p-20,+,p-20-y,,Szeto2018
W2-p-21-630,W2,p-21,–,p-21-n,,Szeto2018
Hu1-p-1-631,Hu1,p-1,+,p-1-y,,Szeto2018
Hu1-p-2-632,Hu1,p-2,–,p-2-n,,Szeto2018
Hu1-p-3-633,Hu1,p-3,–,p-3-n,,Szeto2018
Hu1-p-4-634,Hu1,p-4,+,p-4-y,,Szeto2018
Hu1-p-5-635,Hu1,p-5,+,p-5-y,,Szeto2018
Hu1-p-6-636,Hu1,p-6,–,p-6-n,,Szeto2018
Hu1-p-7-637,Hu1,p-7,–,p-7-n,,Szeto2018
Hu1-p-8-638,Hu1,p-8,–,p-8-n,,Szeto2018
Hu1-p-9-639,Hu1,p-9,–,p-9-n,,Szeto2018
Hu1-p-10-640,Hu1,p-10,+,p-10-y,,Szeto2018
Hu1-p-11-641,Hu1,p-11,+,p-11-y,,Szeto2018
Hu1-p-12-642,Hu1,p-12,–,p-12-n,,Szeto2018
Hu1-p-13-643,Hu1,p-13,+,p-13-y,,Szeto2018
Hu1-p-14-644,Hu1,p-14,+,p-14-y,,Szeto2018
Hu1-p-15-645,Hu1,p-15,+,p-15-y,,Szeto2018
Hu1-p-16-646,Hu1,p-16,–,p-16-n,,Szeto2018
Hu1-p-17-647,Hu1,p-17,–,p-17-n,,Szeto2018
Hu1-p-18-648,Hu1,p-18,+,p-18-y,,Szeto2018
Hu1-p-19-649,Hu1,p-19,+,p-19-y,,Szeto2018
Hu1-p-20-650,Hu1,p-20,+,p-20-y,,Szeto2018
Hu1-p-21-651,Hu1,p-21,–,p-21-n,,Szeto2018
X1-p-1-652,X1,p-1,+,p-1-y,,Szeto2018
X1-p-2-653,X1,p-2,+,p-2-y,,Szeto2018
X1-p-3-654,X1,p-3,–,p-3-n,,Szeto2018
X1-p-4-655,X1,p-4,–,p-4-n,,Szeto2018
X1-p-5-656,X1,p-5,+,p-5-y,,Szeto2018
X1-p-6-657,X1,p-6,–,p-6-n,,Szeto2018
X1-p-7-658,X1,p-7,–,p-7-n,,Szeto2018
X1-p-8-659,X1,p-8,–,p-8-n,,Szeto2018
X1-p-9-660,X1,p-9,+,p-9-y,,Szeto2018
X1-p-10-661,X1,p-10,+,p-10-y,,Szeto2018
X1-p-11-662,X1,p-11,–,p-11-n,,Szeto2018
X1-p-12-663,X1,p-12,–,p-12-n,,Szeto2018
X1-p-13-664,X1,p-13,+,p-13-y,,Szeto2018
X1-p-14-665,X1,p-14,+,p-14-y,,Szeto2018
X1-p-15-666,X1,p-15,–,p-15-n,,Szeto2018
X1-p-16-667,X1,p-16,+,p-16-y,,Szeto2018
X1-p-17-668,X1,p-17,+,p-17-y,,Szeto2018
X1-p-18-669,X1,p-18,–,p-18-n,,Szeto2018
X1-p-19-670,X1,p-19,+,p-19-y,,Szeto2018
X1-p-20-671,X1,p-20,+,p-20-y,,Szeto2018
X1-p-21-672,X1,p-21,–,p-21-n,,Szeto2018
X2-p-1-673,X2,p-1,+,p-1-y,,Szeto2018
X2-p-2-674,X2,p-2,–,p-2-n,,Szeto2018
X2-p-3-675,X2,p-3,–,p-3-n,,Szeto2018
X2-p-4-676,X2,p-4,–,p-4-n,,Szeto2018
X2-p-5-677,X2,p-5,+,p-5-y,,Szeto2018
X2-p-6-678,X2,p-6,–,p-6-n,,Szeto2018
X2-p-7-679,X2,p-7,–,p-7-n,,Szeto2018
X2-p-8-680,X2,p-8,–,p-8-n,,Szeto2018
X2-p-9-681,X2,p-9,+,p-9-y,,Szeto2018
X2-p-10-682,X2,p-10,+,p-10-y,,Szeto2018
X2-p-11-683,X2,p-11,+,p-11-y,,Szeto2018
X2-p-12-684,X2,p-12,–,p-12-n,,Szeto2018
X2-p-13-685,X2,p-13,+,p-13-y,,Szeto2018
X2-p-14-686,X2,p-14,+,p-14-y,,Szeto2018
X2-p-15-687,X2,p-15,+,p-15-y,,Szeto2018
X2-p-16-688,X2,p-16,–,p-16-n,,Szeto2018
X2-p-17-689,X2,p-17,–,p-17-n,,Szeto2018
X2-p-18-690,X2,p-18,–,p-18-n,,Szeto2018
X2-p-19-691,X2,p-19,+,p-19-y,,Szeto2018
X2-p-20-692,X2,p-20,+,p-20-y,,Szeto2018
X2-p-21-693,X2,p-21,–,p-21-n,,Szeto2018
G1-p-1-694,G1,p-1,+,p-1-y,,Szeto2018
G1-p-2-695,G1,p-2,–,p-2-n,,Szeto2018
G1-p-3-696,G1,p-3,–,p-3-n,,Szeto2018
G1-p-4-697,G1,p-4,+,p-4-y,,Szeto2018
G1-p-5-698,G1,p-5,+,p-5-y,,Szeto2018
G1-p-6-699,G1,p-6,–,p-6-n,,Szeto2018
G1-p-7-700,G1,p-7,–,p-7-n,,Szeto2018
G1-p-8-701,G1,p-8,–,p-8-n,,Szeto2018
G1-p-9-702,G1,p-9,+,p-9-y,,Szeto2018
G1-p-10-703,G1,p-10,+,p-10-y,,Szeto2018
G1-p-11-704,G1,p-11,–,p-11-n,,Szeto2018
G1-p-12-705,G1,p-12,–,p-12-n,,Szeto2018
G1-p-13-706,G1,p-13,+,p-13-y,,Szeto2018
G1-p-14-707,G1,p-14,+,p-14-y,,Szeto2018
G1-p-15-708,G1,p-15,+,p-15-y,,Szeto2018
G1-p-16-709,G1,p-16,–,p-16-n,,Szeto2018
G1-p-17-710,G1,p-17,+,p-17-y,,Szeto2018
G1-p-18-711,G1,p-18,–,p-18-n,,Szeto2018
G1-p-19-712,G1,p-19,+,p-19-y,,Szeto2018
G1-p-20-713,G1,p-20,–,p-20-n,,Szeto2018
G1-p-21-714,G1,p-21,–,p-21-n,,Szeto2018
G2-p-1-715,G2,p-1,+,p-1-y,,Szeto2018
G2-p-2-716,G2,p-2,–,p-2-n,,Szeto2018
G2-p-3-717,G2,p-3,+,p-3-y,,Szeto2018
G2-p-4-718,G2,p-4,+,p-4-y,,Szeto2018
G2-p-5-719,G2,p-5,+,p-5-y,,Szeto2018
G2-p-6-720,G2,p-6,–,p-6-n,,Szeto2018
G2-p-7-721,G2,p-7,–,p-7-n,,Szeto2018
G2-p-8-722,G2,p-8,–,p-8-n,,Szeto2018
G2-p-9-723,G2,p-9,+,p-9-y,,Szeto2018
G2-p-10-724,G2,p-10,+,p-10-y,,Szeto2018
G2-p-11-725,G2,p-11,–,p-11-n,,Szeto2018
G2-p-12-726,G2,p-12,–,p-12-n,,Szeto2018
G2-p-13-727,G2,p-13,+,p-13-y,,Szeto2018
G2-p-14-728,G2,p-14,+,p-14-y,,Szeto2018
G2-p-15-729,G2,p-15,+,p-15-y,,Szeto2018
G2-p-16-730,G2,p-16,–,p-16-n,,Szeto2018
G2-p-17-731,G2,p-17,+,p-17-y,,Szeto2018
G2-p-18-732,G2,p-18,–,p-18-n,,Szeto2018
G2-p-19-733,G2,p-19,+,p-19-y,,Szeto2018
G2-p-20-734,G2,p-20,+,p-20-y,,Szeto2018
G2-p-21-735,G2,p-21,–,p-21-n,,Szeto2018
Mi1-p-1-736,Mi1,p-1,+,p-1-y,,Szeto2018
Mi1-p-2-737,Mi1,p-2,–,p-2-n,,Szeto2018
Mi1-p-3-738,Mi1,p-3,+,p-3-y,,Szeto2018
Mi1-p-4-739,Mi1,p-4,+,p-4-y,,Szeto2018
Mi1-p-5-740,Mi1,p-5,+,p-5-y,,Szeto2018
Mi1-p-6-741,Mi1,p-6,–,p-6-n,,Szeto2018
Mi1-p-7-742,Mi1,p-7,–,p-7-n,,Szeto2018
Mi1-p-8-743,Mi1,p-8,–,p-8-n,,Szeto2018
Mi1-p-9-744,Mi1,p-9,–,p-9-n,,Szeto2018
Mi1-p-10-745,Mi1,p-10,+,p-10-y,,Szeto2018
Mi1-p-11-746,Mi1,p-11,–,p-11-n,,Szeto2018
Mi1-p-12-747,Mi1,p-12,–,p-12-n,,Szeto2018
Mi1-p-13-748,Mi1,p-13,+,p-13-y,,Szeto2018
Mi1-p-14-749,Mi1,p-14,+,p-14-y,,Szeto2018
Mi1-p-15-750,Mi1,p-15,–,p-15-n,,Szeto2018
Mi1-p-16-751,Mi1,p-16,–,p-16-n,,Szeto2018
Mi1-p-17-752,Mi1,p-17,–,p-17-n,,Szeto2018
Mi1-p-18-753,Mi1,p-18,+,p-18-y,,Szeto2018
Mi1-p-19-754,Mi1,p-19,–,p-19-n,,Szeto2018
Mi1-p-20-755,Mi1,p-20,+,p-20-y,,Szeto2018
Mi1-p-21-756,Mi1,p-21,–,p-21-n,,Szeto2018
Mi2-p-1-757,Mi2,p-1,+,p-1-y,,Szeto2018
Mi2-p-2-758,Mi2,p-2,–,p-2-n,,Szeto2018
Mi2-p-3-759,Mi2,p-3,–,p-3-n,,Szeto2018
Mi2-p-4-760,Mi2,p-4,+,p-4-y,,Szeto2018
Mi2-p-5-761,Mi2,p-5,–,p-5-n,,Szeto2018
Mi2-p-6-762,Mi2,p-6,–,p-6-n,,Szeto2018
Mi2-p-7-763,Mi2,p-7,–,p-7-n,,Szeto2018
Mi2-p-8-764,Mi2,p-8,–,p-8-n,,Szeto2018
Mi2-p-9-765,Mi2,p-9,–,p-9-n,,Szeto2018
Mi2-p-10-766,Mi2,p-10,+,p-10-y,,Szeto2018
Mi2-p-11-767,Mi2,p-11,–,p-11-n,,Szeto2018
Mi2-p-12-768,Mi2,p-12,+,p-12-y,,Szeto2018
Mi2-p-13-769,Mi2,p-13,–,p-13-n,,Szeto2018
Mi2-p-14-770,Mi2,p-14,+,p-14-y,,Szeto2018
Mi2-p-15-771,Mi2,p-15,–,p-15-n,,Szeto2018
Mi2-p-16-772,Mi2,p-16,–,p-16-n,,Szeto2018
Mi2-p-17-773,Mi2,p-17,–,p-17-n,,Szeto2018
Mi2-p-18-774,Mi2,p-18,+,p-18-y,,Szeto2018
Mi2-p-19-775,Mi2,p-19,–,p-19-n,,Szeto2018
Mi2-p-20-776,Mi2,p-20,–,p-20-n,,Szeto2018
Mi2-p-21-777,Mi2,p-21,–,p-21-n,,Szeto2018
Ha1-p-1-778,Ha1,p-1,+,p-1-y,,Szeto2018
Ha1-p-2-779,Ha1,p-2,–,p-2-n,,Szeto2018
Ha1-p-3-780,Ha1,p-3,+,p-3-y,,Szeto2018
Ha1-p-4-781,Ha1,p-4,+,p-4-y,,Szeto2018
Ha1-p-5-782,Ha1,p-5,–,p-5-n,,Szeto2018
Ha1-p-6-783,Ha1,p-6,–,p-6-n,,Szeto2018
Ha1-p-7-784,Ha1,p-7,–,p-7-n,,Szeto2018
Ha1-p-8-785,Ha1,p-8,–,p-8-n,,Szeto2018
Ha1-p-9-786,Ha1,p-9,–,p-9-n,,Szeto2018
Ha1-p-10-787,Ha1,p-10,+,p-10-y,,Szeto2018
Ha1-p-11-788,Ha1,p-11,–,p-11-n,,Szeto2018
Ha1-p-12-789,Ha1,p-12,–,p-12-n,,Szeto2018
Ha1-p-13-790,Ha1,p-13,+,p-13-y,,Szeto2018
Ha1-p-14-791,Ha1,p-14,+,p-14-y,,Szeto2018
Ha1-p-15-792,Ha1,p-15,–,p-15-n,,Szeto2018
Ha1-p-16-793,Ha1,p-16,–,p-16-n,,Szeto2018
Ha1-p-17-794,Ha1,p-17,–,p-17-n,,Szeto2018
Ha1-p-18-795,Ha1,p-18,+,p-18-y,,Szeto2018
Ha1-p-19-796,Ha1,p-19,–,p-19-n,,Szeto2018
Ha1-p-20-797,Ha1,p-20,–,p-20-n,,Szeto2018
Ha1-p-21-798,Ha1,p-21,–,p-21-n,,Szeto2018
Ha2-p-1-799,Ha2,p-1,+,p-1-y,,Szeto2018
Ha2-p-2-800,Ha2,p-2,+,p-2-y,,Szeto2018
Ha2-p-3-801,Ha2,p-3,–,p-3-n,,Szeto2018
Ha2-p-4-802,Ha2,p-4,+,p-4-y,,Szeto2018
Ha2-p-5-803,Ha2,p-5,+,p-5-y,,Szeto2018
Ha2-p-6-804,Ha2,p-6,–,p-6-n,,Szeto2018
Ha2-p-7-805,Ha2,p-7,–,p-7-n,,Szeto2018
Ha2-p-8-806,Ha2,p-8,–,p-8-n,,Szeto2018
Ha2-p-9-807,Ha2,p-9,–,p-9-n,,Szeto2018
Ha2-p-10-808,Ha2,p-10,+,p-10-y,,Szeto2018
Ha2-p-11-809,Ha2,p-11,–,p-11-n,,Szeto2018
Ha2-p-12-810,Ha2,p-12,–,p-12-n,,Szeto2018
Ha2-p-13-811,Ha2,p-13,+,p-13-y,,Szeto2018
Ha2-p-14-812,Ha2,p-14,+,p-14-y,,Szeto2018
Ha2-p-15-813,Ha2,p-15,–,p-15-n,,Szeto2018
Ha2-p-16-814,Ha2,p-16,–,p-16-n,,Szeto2018
Ha2-p-17-815,Ha2,p-17,–,p-17-n,,Szeto2018
Ha2-p-18-816,Ha2,p-18,+,p-18-y,,Szeto2018
Ha2-p-19-817,Ha2,p-19,–,p-19-n,,Szeto2018
Ha2-p-20-818,Ha2,p-20,+,p-20-y,,Szeto2018
Ha2-p-21-819,Ha2,p-21,–,p-21-n,,Szeto2018
Y1-p-1-820,Y1,p-1,+,p-1-y,,Szeto2018
Y1-p-2-821,Y1,p-2,–,p-2-n,,Szeto2018
Y1-p-3-822,Y1,p-3,+,p-3-y,,Szeto2018
Y1-p-4-823,Y1,p-4,+,p-4-y,,Szeto2018
Y1-p-5-824,Y1,p-5,+,p-5-y,,Szeto2018
Y1-p-6-825,Y1,p-6,–,p-6-n,,Szeto2018
Y1-p-7-826,Y1,p-7,–,p-7-n,,Szeto2018
Y1-p-8-827,Y1,p-8,+,p-8-y,,Szeto2018
Y1-p-9-828,Y1,p-9,–,p-9-n,,Szeto2018
Y1-p-10-829,Y1,p-10,+,p-10-y,,Szeto2018
Y1-p-11-830,Y1,p-11,+,p-11-y,,Szeto2018
Y1-p-12-831,Y1,p-12,–,p-12-n,,Szeto2018
Y1-p-13-832,Y1,p-13,+,p-13-y,,Szeto2018
Y1-p-14-833,Y1,p-14,+,p-14-y,,Szeto2018
Y1-p-15-834,Y1,p-15,+,p-15-y,,Szeto2018
Y1-p-16-835,Y1,p-16,+,p-16-y,,Szeto2018
Y1-p-17-836,Y1,p-17,–,p-17-n,,Szeto2018
Y1-p-18-837,Y1,p-18,+,p-18-y,,Szeto2018
Y1-p-19-838,Y1,p-19,–,p-19-n,,Szeto2018
Y1-p-20-839,Y1,p-20,–,p-20-n,,Szeto2018
Y1-p-21-840,Y1,p-21,–,p-21-n,,Szeto2018
Y2-p-1-841,Y2,p-1,+,p-1-y,,Szeto2018
Y2-p-2-842,Y2,p-2,–,p-2-n,,Szeto2018
Y2-p-3-843,Y2,p-3,+,p-3-y,,Szeto2018
Y2-p-4-844,Y2,p-4,+,p-4-y,,Szeto2018
Y2-p-5-845,Y2,p-5,+,p-5-y,,Szeto2018
Y2-p-6-846,Y2,p-6,–,p-6-n,,Szeto2018
Y2-p-7-847,Y2,p-7,–,p-7-n,,Szeto2018
Y2-p-8-848,Y2,p-8,+,p-8-y,,Szeto2018
Y2-p-9-849,Y2,p-9,–,p-9-n,,Szeto2018
Y2-p-10-850,Y2,p-10,+,p-10-y,,Szeto2018
Y2-p-11-851,Y2,p-11,+,p-11-y,,Szeto2018
Y2-p-12-852,Y2,p-12,–,p-12-n,,Szeto2018
Y2-p-13-853,Y2,p-13,+,p-13-y,,Szeto2018
Y2-p-14-854,Y2,p-14,+,p-14-y,,Szeto2018
Y2-p-15-855,Y2,p-15,+,p-15-y,,Szeto2018
Y2-p-16-856,Y2,p-16,+,p-16-y,,Szeto2018
Y2-p-17-857,Y2,p-17,–,p-17-n,,Szeto2018
Y2-p-18-858,Y2,p-18,+,p-18-y,,Szeto2018
Y2-p-19-859,Y2,p-19,–,p-19-n,,Szeto2018
Y2-p-20-860,Y2,p-20,–,p-20-n,,Szeto2018
Y2-p-21-861,Y2,p-21,–,p-21-n,,Szeto2018
P1-p-1-862,P1,p-1,+,p-1-y,,Szeto2018
P1-p-2-863,P1,p-2,–,p-2-n,,Szeto2018
P1-p-3-864,P1,p-3,+,p-3-y,,Szeto2018
P1-p-4-865,P1,p-4,+,p-4-y,,Szeto2018
P1-p-5-866,P1,p-5,+,p-5-y,,Szeto2018
P1-p-6-867,P1,p-6,–,p-6-n,,Szeto2018
P1-p-7-868,P1,p-7,–,p-7-n,,Szeto2018
P1-p-8-869,P1,p-8,+,p-8-y,,Szeto2018
P1-p-9-870,P1,p-9,–,p-9-n,,Szeto2018
P1-p-10-871,P1,p-10,+,p-10-y,,Szeto2018
P1-p-11-872,P1,p-11,+,p-11-y,,Szeto2018
P1-p-12-873,P1,p-12,–,p-12-n,,Szeto2018
P1-p-13-874,P1,p-13,+,p-13-y,,Szeto2018
P1-p-14-875,P1,p-14,+,p-14-y,,Szeto2018
P1-p-15-876,P1,p-15,+,p-15-y,,Szeto2018
P1-p-16-877,P1,p-16,+,p-16-y,,Szeto2018
P1-p-17-878,P1,p-17,–,p-17-n,,Szeto2018
P1-p-18-879,P1,p-18,+,p-18-y,,Szeto2018
P1-p-19-880,P1,p-19,–,p-19-n,,Szeto2018
P1-p-20-881,P1,p-20,–,p-20-n,,Szeto2018
P1-p-21-882,P1,p-21,–,p-21-n,,Szeto2018
